Nell Scovell,"2,32"
Jennifer Crittenden,"6,7,8"
Jennifer Ventimillia,"6,9"
Rachel Pulido,"7,8"
Carolyn Omine,"11,12,13,14,15,16,18,19,21,22,23,24,25,26,27,28,30,31,32,33,34,35,36"
Deb Lacusta,"11,13,15,17,22,23,28,30"
Robin Stein,15
Julie Chambers,15
Stephanie Gillsis,"17,19,20,21,22,23,24,25,26,27,30"
Valentina L. Garza,"20,22,24,26"
Michael Nobori,"21,25"
Miranda Thompson,"29,30,31"
Renee Ridgeley,30
Robin Sayers,30
Jane Becker,30
Megan Amram,"30,33"
Nancy Cartwright,30
Jenna Martin,30
Elisabeth Kiernan Averick,"31,33,35"
Julia Prescott,32
Jessica Conrad,"32,34,35,26"
Samantha Martin,32
Christine Nangle,"32,33,34,36"
Juliet Kaufman,33
Loni Steele Sosthand,"33,34,36"
Broti Gupta,"34,35,36"